{"cameraMode":{"drawMode":0,"name":"Shaded","section":"Shading Mode"},"sceneLighting":true,"audioPlay":false,"sceneViewState":{"showFog":true,"showMaterialUpdate":false,"showSkybox":true,"showFlares":true,"showImageEffects":true,"showParticleSystems":true},"in2DMode":false,"pivot":{"x":-0.03491687774658203,"y":-0.11411619186401367,"z":0.12769365310668946},"rotation":{"x":-0.08451808243989945,"y":0.8969365358352661,"z":-0.1956898272037506,"w":-0.38738521933555605},"size":10.0,"orthographic":false}